date,AAPL,AMZN,BND,GLD,JNJ,JPM,MSFT,VTI,PORTFOLIO,SPY
2024-04-30,-0.018271,-0.032935,-0.003806,-0.019937,-0.015189,-0.007968,-0.032119,-0.016458,-0.017721,-0.015841
2024-05-01,-0.024208,-0.010831,-0.000215,-0.011056,0.029696,-0.007347,-0.018173,-0.018911,-0.010829,-0.019037
2024-05-02,-0.002709,0.020778,0.003744,-0.014109,0.021114,-0.008382,-0.010963,-0.008743,-0.003386,-0.009862
2024-05-03,0.056945,0.029012,0.008834,-0.014895,0.016687,-0.014332,0.010963,0.003007,0.011374,0.002412
2024-05-06,0.047320,0.042772,0.009824,-0.004533,0.011988,-0.006623,0.028067,0.013767,0.017483,0.012763
2024-05-07,0.051297,0.043103,0.011803,-0.009113,0.012941,-0.007916,0.017626,0.014677,0.016410,0.013881
2024-05-08,0.053256,0.038904,0.009400,-0.012027,0.014508,0.012262,0.020609,0.013965,0.019379,0.013979
2024-05-09,0.063804,0.047193,0.012086,0.003562,0.020638,0.021834,0.025034,0.019939,0.027120,0.019821
2024-05-10,0.056474,0.036030,0.009258,0.011703,0.021046,0.028404,0.031050,0.020888,0.028193,0.021135
2024-05-13,0.075116,0.031001,0.010107,0.000370,0.029969,0.028197,0.028514,0.021442,0.030288,0.021272
2024-05-14,0.081753,0.033764,0.013076,0.008835,0.031059,0.042581,0.035575,0.026427,0.036885,0.025958
2024-05-15,0.094970,0.027796,0.019580,0.021787,0.039845,0.045685,0.053681,0.039047,0.047390,0.038662
2024-05-16,0.095663,0.014755,0.017883,0.017809,0.050811,0.047548,0.048476,0.036238,0.046191,0.036525
2024-05-17,0.095836,0.020667,0.015338,0.034601,0.053263,0.059551,0.046533,0.037702,0.049927,0.038015
2024-05-20,0.102588,0.014257,0.014349,0.038764,0.038638,0.011900,0.059309,0.038770,0.045056,0.039211
2024-05-21,0.110149,0.012102,0.016470,0.037238,0.038432,0.032285,0.068524,0.040907,0.050928,0.041760
2024-05-22,0.101780,0.011992,0.015197,0.018179,0.053949,0.026024,0.072210,0.037386,0.047930,0.038760
2024-05-23,0.078579,0.000497,0.012228,-0.002128,0.027858,0.018833,0.063444,0.028563,0.034914,0.031173
2024-05-24,0.096471,-0.001161,0.013359,-0.001203,0.009113,0.038441,0.071314,0.036001,0.041719,0.037996
2024-05-28,0.096529,0.006576,0.008552,0.009298,-0.008670,0.032181,0.071712,0.036001,0.040218,0.038721
2024-05-29,0.098260,0.005858,0.004875,-0.000092,-0.008258,0.024990,0.068848,0.027495,0.035736,0.031447
2024-05-30,0.104031,-0.009063,0.009258,0.001804,-0.002490,0.031302,0.032736,0.022471,0.031557,0.024605
2024-05-31,0.109572,-0.024978,0.012935,-0.004071,0.007054,0.048375,0.033881,0.030344,0.036756,0.033937
2024-06-03,0.119845,-0.014478,0.018593,0.004811,0.014400,0.044185,0.029872,0.030660,0.039699,0.034780
2024-06-04,0.121692,-0.008952,0.022423,-0.004209,0.014812,0.030422,0.036222,0.030542,0.038657,0.035937
2024-06-05,0.130465,0.001768,0.025260,0.007586,0.002247,0.020592,0.055997,0.043162,0.045230,0.048249
2024-06-06,0.122442,0.022325,0.025401,0.015034,0.005337,0.018781,0.057267,0.042252,0.045790,0.048230
2024-06-07,0.136352,0.018457,0.017175,-0.021186,0.009869,0.034510,0.055599,0.040274,0.045321,0.046955
2024-06-10,0.114593,0.033709,0.015615,-0.012212,0.010212,0.032750,0.065610,0.043755,0.045791,0.050190
2024-06-11,0.195567,0.034648,0.019728,-0.009390,0.007671,0.005588,0.077589,0.045535,0.056222,0.052719
2024-06-12,0.229735,0.032770,0.024409,-0.006754,-0.001598,-0.009054,0.098460,0.055386,0.063807,0.061365
2024-06-13,0.236487,0.015860,0.028947,-0.014849,-0.001323,0.001966,0.099755,0.055861,0.065505,0.063502
2024-06-14,0.226387,0.014920,0.030507,-0.002082,-0.000705,0.002587,0.102221,0.055070,0.065895,0.064149
2024-06-17,0.250512,0.017131,0.026677,-0.007262,0.002110,0.008795,0.116665,0.063101,0.073586,0.072619
2024-06-18,0.236776,0.010223,0.030223,-0.003284,0.000050,0.019247,0.111610,0.065791,0.073485,0.075344
2024-06-20,0.210169,0.028404,0.028238,0.009159,0.014675,0.027887,0.110016,0.063101,0.073739,0.072423
2024-06-21,0.197530,0.044872,0.028521,-0.006476,0.021335,0.015625,0.120177,0.061479,0.071065,0.070985
2024-06-24,0.201281,0.025475,0.029088,-0.002544,0.023876,0.028973,0.114922,0.059699,0.072231,0.067504
2024-06-25,0.206649,0.029730,0.029656,-0.007494,0.010624,0.024783,0.123091,0.063180,0.072824,0.071615
2024-06-26,0.230774,0.069905,0.024834,-0.016653,0.008083,0.021471,0.126105,0.063140,0.076299,0.072952
2024-06-27,0.235680,0.093336,0.026677,-0.005505,0.001080,0.030474,0.127823,0.065712,0.080885,0.074643
2024-06-28,0.215595,0.067916,0.021856,-0.005412,0.003552,0.046461,0.113129,0.062067,0.076303,0.070415
2024-07-01,0.250974,0.089744,0.016464,-0.002822,0.005474,0.062966,0.137486,0.064211,0.088500,0.072618
2024-07-02,0.271290,0.105217,0.019452,-0.002868,0.002659,0.080453,0.143837,0.070365,0.096859,0.079836
2024-07-03,0.278677,0.091899,0.025284,0.008373,0.000325,0.079729,0.147548,0.074772,0.100246,0.084655
2024-07-05,0.306323,0.105217,0.029979,0.021972,0.005749,0.065422,0.164458,0.080370,0.108602,0.090910
2024-07-08,0.314865,0.101293,0.029979,0.009298,-0.001117,0.067399,0.161171,0.081839,0.107729,0.092169
2024-07-09,0.319828,0.101569,0.029552,0.011009,0.009663,0.080197,0.144484,0.081561,0.109098,0.093230
2024-07-10,0.344645,0.104056,0.030405,0.014710,0.026004,0.081082,0.161196,0.092042,0.119626,0.104048
2024-07-11,0.313422,0.077862,0.035527,0.032704,0.027858,0.079261,0.132430,0.087159,0.111443,0.094528
2024-07-12,0.330563,0.074768,0.038230,0.032057,0.029094,0.066202,0.129566,0.094345,0.113280,0.101432
2024-07-15,0.352841,0.064987,0.034958,0.035387,0.024700,0.092787,0.130587,0.099030,0.120568,0.104461
2024-07-16,0.355265,0.066645,0.038941,0.056018,0.036852,0.111360,0.119530,0.108082,0.127993,0.111011
2024-07-17,0.320982,0.038517,0.039937,0.051115,0.075097,0.128268,0.104587,0.092439,0.122035,0.095434
2024-07-18,0.293856,0.015418,0.037234,0.044407,0.067132,0.092423,0.096742,0.082911,0.107081,0.087015
2024-07-19,0.294606,0.011992,0.034531,0.025673,0.062120,0.091382,0.088623,0.076161,0.101373,0.079797
2024-07-22,0.292587,0.008786,0.034104,0.025997,0.059030,0.093984,0.103142,0.087397,0.105951,0.090930
2024-07-23,0.298647,0.030117,0.034247,0.029605,0.046053,0.094244,0.107899,0.086603,0.107491,0.089218
2024-07-24,0.261305,-0.000718,0.031259,0.025997,0.073037,0.085192,0.068175,0.062147,0.089923,0.064534
2024-07-25,0.255245,-0.006134,0.033535,0.009945,0.096107,0.085608,0.042025,0.058057,0.084673,0.058987
2024-07-26,0.257958,0.008510,0.037661,0.020585,0.102973,0.104181,0.059135,0.070722,0.096206,0.070847
2024-07-29,0.259574,0.012378,0.038941,0.019151,0.088692,0.096949,0.062771,0.070802,0.094836,0.071477
2024-07-30,0.262806,0.004145,0.040222,0.029327,0.107711,0.119528,0.053282,0.066355,0.098457,0.066048
2024-07-31,0.281736,0.033267,0.045912,0.047969,0.083817,0.107094,0.041901,0.082157,0.103115,0.083376
2024-08-01,0.260266,0.017186,0.049822,0.044361,0.103797,0.081914,0.038812,0.065204,0.093128,0.068035
2024-08-02,0.268923,-0.072171,0.061809,0.042372,0.127005,0.036028,0.017344,0.043765,0.077757,0.048150
2024-08-05,0.207803,-0.110190,0.060809,0.029142,0.107162,0.013969,-0.015879,0.013115,0.048600,0.017624
2024-08-06,0.196029,-0.105161,0.054246,0.020909,0.091507,0.042271,-0.004771,0.023397,0.053040,0.027006
2024-08-07,0.210977,-0.100519,0.051677,0.020215,0.091026,0.042583,-0.007710,0.015576,0.052644,0.020141
2024-08-08,0.231120,-0.083775,0.050107,0.036220,0.100089,0.061624,0.002899,0.039358,0.068785,0.043724
2024-08-09,0.248030,-0.077476,0.053817,0.038764,0.102836,0.070677,0.011193,0.043844,0.075898,0.048327
2024-08-12,0.256929,-0.078249,0.055673,0.056573,0.097755,0.072705,0.013160,0.043169,0.078958,0.048877
2024-08-13,0.278539,-0.059295,0.059668,0.054954,0.087524,0.081810,0.031092,0.060519,0.090502,0.066127
2024-08-14,0.281139,-0.060013,0.061666,0.046350,0.088142,0.093776,0.038190,0.063536,0.093745,0.069490
2024-08-15,0.298474,-0.018623,0.057242,0.049635,0.092331,0.100591,0.050465,0.081958,0.105927,0.087822
2024-08-16,0.306159,-0.021552,0.059525,0.073134,0.094391,0.113181,0.044078,0.084539,0.111011,0.090261
2024-08-19,0.305235,-0.015141,0.060809,0.071376,0.096039,0.120881,0.051713,0.094781,0.116112,0.100685
2024-08-20,0.308817,-0.011494,0.063949,0.075308,0.099678,0.116042,0.059871,0.092122,0.117715,0.098895
2024-08-21,0.308181,-0.004697,0.066232,0.073874,0.108397,0.116459,0.058225,0.097600,0.119989,0.102672
2024-08-22,0.297376,-0.026691,0.061951,0.061014,0.114714,0.127020,0.036793,0.088310,0.112264,0.094017
2024-08-23,0.310724,-0.021662,0.066660,0.073272,0.126936,0.135760,0.039886,0.102087,0.122147,0.105642
2024-08-26,0.312688,-0.030172,0.065519,0.076695,0.130232,0.140234,0.031653,0.099308,0.121158,0.103006
2024-08-27,0.317600,-0.043325,0.065519,0.079610,0.127326,0.145489,0.032526,0.100300,0.122277,0.104521
2024-08-28,0.308702,-0.056145,0.064805,0.072023,0.134037,0.151263,0.024442,0.093591,0.118090,0.098108
2024-08-29,0.327769,-0.048851,0.063235,0.077574,0.136182,0.156050,0.030730,0.094662,0.123536,0.098207
2024-08-30,0.323205,-0.013594,0.061095,0.069895,0.147458,0.169524,0.040760,0.105223,0.130920,0.108690
2024-09-03,0.287207,-0.026028,0.065618,0.065270,0.156452,0.146113,0.021548,0.081442,0.114139,0.085874
2024-09-04,0.276112,-0.042164,0.070341,0.065917,0.157836,0.141066,0.020201,0.079020,0.110923,0.083652
2024-09-05,0.284953,-0.016965,0.072918,0.074799,0.141439,0.132222,0.018929,0.075685,0.110845,0.081016
2024-09-06,0.275939,-0.052885,0.074206,0.066843,0.137219,0.105325,0.002237,0.057819,0.095921,0.062823
2024-09-09,0.276459,-0.030725,0.075637,0.071330,0.152647,0.127956,0.012267,0.069134,0.106670,0.074722
2024-09-10,0.271837,-0.007792,0.079215,0.076048,0.157974,0.069428,0.033424,0.073303,0.104732,0.079403
2024-09-11,0.286571,0.019673,0.078643,0.074336,0.140263,0.078116,0.055480,0.083982,0.113697,0.090477
2024-09-12,0.287207,0.033378,0.077498,0.093209,0.139018,0.074839,0.065360,0.092995,0.119398,0.099662
2024-09-13,0.285646,0.030559,0.079788,0.104080,0.145106,0.062977,0.074317,0.100618,0.122372,0.105405
2024-09-16,0.249937,0.021717,0.082650,0.103987,0.155276,0.081394,0.076189,0.102801,0.121863,0.107038
2024-09-17,0.252653,0.032714,0.081219,0.097881,0.155829,0.088625,0.085694,0.103913,0.124898,0.107490
2024-09-18,0.275188,0.030228,0.077927,0.089416,0.149464,0.079677,0.074866,0.101134,0.122573,0.104206
2024-09-19,0.322453,0.049237,0.077927,0.106347,0.140263,0.095024,0.094527,0.119794,0.140644,0.123048
2024-09-20,0.318582,0.058798,0.077784,0.120409,0.135697,0.098198,0.085994,0.117451,0.140148,0.121107
2024-09-23,0.308586,0.071397,0.077069,0.122583,0.129194,0.100019,0.081603,0.120231,0.139244,0.123909
2024-09-24,0.313786,0.071839,0.078357,0.138264,0.126150,0.100799,0.070774,0.123049,0.140459,0.127124
2024-09-25,0.308008,0.063937,0.074349,0.136692,0.111068,0.093516,0.078110,0.119357,0.136586,0.124638
2024-09-26,0.314653,0.056366,0.074349,0.142474,0.116534,0.091382,0.076114,0.124360,0.138779,0.129097
2024-09-27,0.316213,0.038738,0.077498,0.133407,0.116603,0.095128,0.067905,0.123248,0.136568,0.127460
2024-09-30,0.346317,0.029675,0.075065,0.124341,0.121169,0.097001,0.073594,0.127669,0.141715,0.131978
2024-10-01,0.307084,0.023044,0.078237,0.136137,0.120685,0.077128,0.049617,0.117394,0.128450,0.121837
2024-10-02,0.310377,0.020999,0.076227,0.136368,0.115012,0.078428,0.040735,0.117633,0.126962,0.122311
2024-10-03,0.303963,0.005526,0.071490,0.135582,0.110376,0.067711,0.039263,0.115244,0.122025,0.120259
2024-10-04,0.310493,0.030670,0.064456,0.133315,0.108923,0.105608,0.038065,0.126036,0.131254,0.130439
2024-10-07,0.280966,-0.000884,0.061298,0.129475,0.103666,0.104090,0.021798,0.115762,0.119328,0.120219
2024-10-08,0.304541,0.009726,0.062877,0.121149,0.104773,0.103148,0.034697,0.125160,0.126694,0.130814
2024-10-09,0.326325,0.023265,0.060006,0.115043,0.111414,0.117124,0.041558,0.133005,0.135058,0.138646
2024-10-10,0.323436,0.031443,0.059575,0.123231,0.110445,0.114088,0.037516,0.130656,0.134102,0.136654
2024-10-11,0.314826,0.043435,0.059719,0.135489,0.117018,0.163553,0.038714,0.139417,0.144829,0.143460
2024-10-14,0.336495,0.036362,0.059001,0.133639,0.117987,0.159313,0.045750,0.148298,0.149935,0.152812
2024-10-15,0.351229,0.037191,0.063164,0.137571,0.135282,0.164076,0.044752,0.140413,0.152932,0.143855
2024-10-16,0.339268,0.032770,0.064599,0.143260,0.136527,0.170619,0.038215,0.146227,0.153211,0.148826
2024-10-17,0.341406,0.036306,0.059432,0.150106,0.137842,0.174702,0.039712,0.145988,0.154745,0.148925
2024-10-18,0.357874,0.044374,0.060006,0.162318,0.142339,0.179675,0.043305,0.150488,0.161356,0.153344
2024-10-21,0.366426,0.044817,0.052828,0.162087,0.126496,0.167269,0.044852,0.146864,0.157995,0.151450
2024-10-22,0.362843,0.048298,0.053259,0.174623,0.130785,0.173132,0.066633,0.145550,0.163399,0.150839
2024-10-23,0.333374,0.020723,0.050675,0.160468,0.147458,0.169415,0.059372,0.135196,0.153906,0.140323
2024-10-24,0.332276,0.029951,0.052397,0.169396,0.132307,0.177633,0.059697,0.138222,0.155796,0.142789
2024-10-25,0.337130,0.037964,0.050244,0.171801,0.113005,0.163657,0.068229,0.137147,0.154238,0.142395
2024-10-28,0.348629,0.041059,0.048952,0.171848,0.117987,0.180355,0.064337,0.141767,0.159144,0.145926
2024-10-29,0.350189,0.054542,0.049813,0.184615,0.107540,0.166746,0.077711,0.143280,0.160939,0.147781
2024-10-30,0.329561,0.065042,0.048808,0.191137,0.111138,0.174650,0.079158,0.140453,0.160236,0.144309
2024-10-31,0.305350,0.030062,0.048665,0.172680,0.105949,0.161616,0.013839,0.119186,0.135685,0.121877
2024-11-01,0.288016,0.093778,0.044604,0.167869,0.107817,0.166955,0.023869,0.123965,0.139396,0.126611
2024-11-04,0.282815,0.081897,0.048780,0.169535,0.094741,0.150415,0.019103,0.121934,0.133880,0.124185
2024-11-05,0.291136,0.102454,0.051373,0.172171,0.095502,0.159365,0.026588,0.136191,0.142469,0.137778
2024-11-06,0.286918,0.144396,0.042732,0.136553,0.092251,0.293209,0.048344,0.167971,0.169377,0.166070
2024-11-07,0.314422,0.160754,0.050508,0.154825,0.084295,0.237305,0.061443,0.176135,0.172675,0.175086
2024-11-08,0.312860,0.150420,0.052524,0.147007,0.075578,0.240446,0.054233,0.181631,0.171131,0.180176
2024-11-11,0.297068,0.143015,0.050508,0.120085,0.072603,0.252537,0.042930,0.184936,0.166052,0.181301
2024-11-12,0.297068,0.154454,0.044172,0.110417,0.055999,0.253951,0.055455,0.180277,0.164511,0.177631
2024-11-13,0.302216,0.183134,0.043740,0.099223,0.060150,0.262326,0.060869,0.179720,0.167611,0.178203
2024-11-14,0.320149,0.168656,0.043452,0.096355,0.050672,0.266042,0.065086,0.170998,0.167286,0.170627
2024-11-15,0.301522,0.119640,0.043740,0.094412,0.065408,0.284048,0.035420,0.156143,0.157904,0.155633
2024-11-18,0.318992,0.114611,0.044748,0.115228,0.070735,0.282583,0.037317,0.160843,0.164071,0.160368
2024-11-19,0.320496,0.130692,0.046620,0.125220,0.058490,0.272428,0.042382,0.166179,0.165802,0.164610
2024-11-20,0.324661,0.121132,0.045468,0.131557,0.059251,0.260337,0.036643,0.166856,0.164176,0.165004
2024-11-21,0.321884,0.096264,0.044892,0.140994,0.075785,0.281169,0.032168,0.175020,0.169139,0.171259
2024-11-22,0.329693,0.089301,0.045324,0.155704,0.073502,0.301008,0.042493,0.180835,0.176826,0.174889
2024-11-25,0.347047,0.113229,0.054972,0.121658,0.077722,0.310116,0.046968,0.186609,0.181643,0.178874
2024-11-26,0.359715,0.148652,0.053100,0.123832,0.077583,0.308441,0.069968,0.190950,0.189704,0.185029
2024-11-27,0.358963,0.136936,0.055980,0.126330,0.083720,0.307498,0.057468,0.187565,0.187230,0.181439
2024-11-29,0.372846,0.148817,0.059869,0.136044,0.081000,0.307132,0.058643,0.194175,0.192473,0.188778
2024-12-02,0.385919,0.164401,0.060489,0.126099,0.079536,0.288969,0.077443,0.196446,0.195156,0.190909
2024-12-03,0.403620,0.179487,0.058034,0.128365,0.062520,0.281483,0.077993,0.196446,0.195590,0.191461
2024-12-04,0.405702,0.205570,0.061645,0.131788,0.049339,0.274051,0.093543,0.204490,0.199864,0.198859
2024-12-05,0.405875,0.218778,0.061790,0.123416,0.042714,0.284938,0.106542,0.201145,0.201696,0.196887
2024-12-06,0.404718,0.254587,0.064678,0.123832,0.041250,0.294779,0.108918,0.204490,0.205771,0.199156
2024-12-09,0.427336,0.249392,0.061501,0.134980,0.043272,0.276197,0.115042,0.196804,0.206281,0.192980
2024-12-10,0.433236,0.243590,0.060345,0.149921,0.040692,0.271224,0.108317,0.192304,0.205122,0.189271
2024-12-11,0.425832,0.272436,0.058034,0.160885,0.022630,0.274731,0.122467,0.201902,0.209451,0.198465
2024-12-12,0.434336,0.265307,0.053845,0.143862,0.019840,0.264262,0.123892,0.195052,0.205010,0.192290
2024-12-13,0.435319,0.256963,0.049656,0.130031,0.022490,0.255940,0.118167,0.194455,0.201087,0.192053
2024-12-16,0.452152,0.287190,0.050812,0.132760,0.003173,0.254055,0.128967,0.199313,0.205497,0.197143
2024-12-17,0.466266,0.277354,0.050956,0.128412,0.021026,0.247669,0.136142,0.193379,0.207239,0.192211
2024-12-18,0.434856,0.218612,0.042723,0.106763,0.009449,0.205847,0.093468,0.156462,0.175106,0.156679
2024-12-19,0.444921,0.233919,0.039835,0.108336,0.001290,0.219404,0.092568,0.154829,0.177397,0.156323
2024-12-20,0.472109,0.242927,0.043012,0.119900,0.007497,0.243691,0.091493,0.167971,0.189737,0.170212
2024-12-23,0.476621,0.243700,0.039690,0.114627,0.013076,0.247826,0.088118,0.174607,0.191720,0.177220
2024-12-24,0.493569,0.265749,0.041182,0.116847,0.017121,0.268345,0.098317,0.187073,0.203047,0.190304
2024-12-26,0.498312,0.254697,0.041907,0.124387,0.015238,0.272690,0.095268,0.187752,0.204080,0.190384
2024-12-27,0.478472,0.236461,0.039733,0.116662,0.011542,0.262378,0.076318,0.174887,0.191847,0.177853
2024-12-30,0.458862,0.222922,0.043791,0.113100,-0.000384,0.252694,0.062068,0.161903,0.180786,0.164412
2024-12-31,0.448565,0.212367,0.042052,0.120039,0.008543,0.254736,0.053743,0.157867,0.178476,0.160176
2025-01-02,0.410561,0.216954,0.042487,0.135258,0.004359,0.256254,0.046443,0.155670,0.173500,0.157325
2025-01-03,0.407726,0.238893,0.041182,0.126330,0.005544,0.273423,0.058368,0.170852,0.181141,0.171796
2025-01-06,0.417213,0.257792,0.040168,0.124942,0.001848,0.267214,0.069618,0.177404,0.185156,0.178546
2025-01-07,0.401074,0.227398,0.036546,0.131280,0.019771,0.279421,0.055918,0.164260,0.180234,0.165224
2025-01-08,0.403909,0.227509,0.037705,0.137293,-0.007845,0.279210,0.061393,0.165338,0.179549,0.166926
2025-01-10,0.370069,0.209881,0.032343,0.148164,-0.009310,0.262058,0.047368,0.147839,0.166021,0.149110
2025-01-13,0.355897,0.207228,0.031329,0.136738,0.007497,0.284893,0.042968,0.149717,0.167368,0.150892
2025-01-14,0.349418,0.203360,0.032053,0.142705,0.009449,0.302045,0.039168,0.152314,0.169429,0.152475
2025-01-15,0.375969,0.234251,0.040313,0.151263,0.010984,0.327720,0.065768,0.173449,0.188947,0.173439
2025-01-16,0.320380,0.219385,0.042342,0.159219,0.030510,0.337823,0.061443,0.172570,0.184327,0.171182
2025-01-17,0.330329,0.248563,0.042632,0.153067,0.025350,0.363551,0.072568,0.183397,0.193541,0.182941
2025-01-21,0.287871,0.274923,0.045675,0.170922,0.033160,0.383913,0.071243,0.195143,0.196841,0.193769
2025-01-22,0.294754,0.298685,0.043501,0.176936,0.013076,0.382913,0.115492,0.200976,0.205636,0.200480
2025-01-23,0.293771,0.300950,0.041907,0.175271,0.022630,0.399276,0.116767,0.207288,0.210057,0.207032
2025-01-24,0.288681,0.297801,0.043936,0.182579,0.023885,0.393436,0.110143,0.203773,0.207629,0.203508
2025-01-27,0.329635,0.300950,0.049442,0.170275,0.066216,0.398750,0.086393,0.186993,0.210372,0.186484
2025-01-28,0.378225,0.316037,0.048863,0.180405,0.048712,0.405537,0.117992,0.197181,0.225483,0.196679
2025-01-29,0.384588,0.310069,0.048283,0.175872,0.054081,0.402590,0.105817,0.192067,0.222585,0.191314
2025-01-30,0.374350,0.296640,0.049732,0.193681,0.066076,0.411272,0.037468,0.199538,0.215630,0.197708
2025-01-31,0.365152,0.313439,0.048283,0.196040,0.061055,0.406379,0.037643,0.192986,0.212479,0.191334
2025-02-03,0.318934,0.312003,0.049228,0.202424,0.059102,0.403801,0.027293,0.184276,0.202368,0.183317
2025-02-04,0.346642,0.337644,0.050682,0.214266,0.070400,0.409746,0.030918,0.192866,0.213208,0.191255
2025-02-05,0.344733,0.305095,0.056061,0.221806,0.078768,0.422847,0.033218,0.198379,0.217089,0.196085
2025-02-06,0.349071,0.319794,0.054898,0.218568,0.070539,0.456888,0.039543,0.201336,0.222995,0.200242
2025-02-07,0.316736,0.266302,0.051700,0.220742,0.067820,0.451101,0.024368,0.190588,0.209931,0.189255
2025-02-10,0.318299,0.288351,0.051990,0.241419,0.075630,0.426056,0.030543,0.198219,0.213863,0.197332
2025-02-11,0.347080,0.286251,0.050246,0.236886,0.088811,0.446839,0.028593,0.197580,0.220650,0.198243
2025-02-12,0.371691,0.265086,0.044867,0.238181,0.082743,0.449259,0.022593,0.193625,0.220454,0.194382
2025-02-13,0.398677,0.273044,0.051118,0.250393,0.096621,0.453837,0.026343,0.206090,0.231972,0.206992
2025-02-14,0.416455,0.263705,0.054462,0.231798,0.088950,0.455258,0.021068,0.205930,0.230971,0.206933
2025-02-18,0.415702,0.252487,0.050537,0.252197,0.089513,0.472936,0.024093,0.209326,0.235515,0.210476
2025-02-19,0.418019,0.252376,0.051990,0.252891,0.109898,0.469253,0.036918,0.211044,0.240393,0.213327
2025-02-20,0.423578,0.231653,0.053299,0.253539,0.122481,0.403748,0.042404,0.204532,0.233200,0.208279
2025-02-21,0.421956,0.196839,0.057951,0.252382,0.140899,0.390279,0.022564,0.182278,0.223016,0.187612
2025-02-24,0.430932,0.175453,0.059405,0.259182,0.151021,0.375021,0.012018,0.176245,0.219743,0.182208
2025-02-25,0.430585,0.175950,0.066093,0.242576,0.167541,0.354291,-0.003262,0.170412,0.213636,0.176329
2025-02-26,0.391902,0.184516,0.067692,0.244472,0.146382,0.361604,0.001322,0.170812,0.209141,0.176923
2025-02-27,0.374181,0.153515,0.066383,0.225507,0.150951,0.362972,-0.016714,0.152673,0.196364,0.158137
2025-02-28,0.400472,0.173077,0.070890,0.217828,0.160019,0.392436,-0.005542,0.170452,0.211475,0.176210
2025-03-03,0.378409,0.132958,0.073355,0.233879,0.175906,0.371232,-0.026834,0.149477,0.198312,0.155603
2025-03-04,0.366248,0.126216,0.070292,0.244611,0.162831,0.316671,-0.026534,0.135134,0.185546,0.141924
2025-03-05,0.365148,0.151415,0.066501,0.247201,0.160722,0.323406,0.004553,0.148039,0.195934,0.154197
2025-03-06,0.362773,0.109085,0.065626,0.240864,0.165713,0.297151,-0.005792,0.126704,0.182932,0.133709
2025-03-07,0.384431,0.101072,0.064460,0.241512,0.171758,0.274738,-0.014760,0.132018,0.182830,0.140064
2025-03-10,0.317315,0.075044,0.069417,0.230641,0.178858,0.221808,-0.047701,0.101174,0.152303,0.109697
2025-03-11,0.278863,0.086373,0.065335,0.245074,0.165924,0.205603,-0.046974,0.093464,0.143444,0.100472
2025-03-12,0.256510,0.099083,0.063148,0.250486,0.144765,0.199079,-0.039910,0.098857,0.141065,0.106312
2025-03-13,0.214237,0.071452,0.066355,0.272689,0.145749,0.184820,-0.051183,0.083435,0.128441,0.091564
2025-03-14,0.236300,0.093888,0.063731,0.273198,0.144484,0.222966,-0.026659,0.106648,0.147619,0.114112
2025-03-17,0.239253,0.081675,0.065189,0.280091,0.144695,0.230805,-0.026308,0.115797,0.151609,0.122703
2025-03-18,0.231667,0.065539,0.066355,0.295032,0.154606,0.236277,-0.039284,0.103771,0.147553,0.110568
2025-03-19,0.246434,0.080570,0.069563,0.300352,0.145749,0.258059,-0.028512,0.116317,0.158243,0.122663
2025-03-20,0.239832,0.077310,0.070001,0.298686,0.145960,0.257533,-0.030967,0.113640,0.155890,0.119417
2025-03-21,0.263981,0.084273,0.069126,0.288232,0.150248,0.271318,-0.019895,0.114079,0.162972,0.119786
2025-03-24,0.278226,0.123232,0.064460,0.282496,0.147858,0.305149,-0.015336,0.134695,0.176077,0.139840
2025-03-25,0.295715,0.136771,0.065772,0.288140,0.131901,0.321302,-0.010126,0.136612,0.181790,0.142580
2025-03-26,0.282859,0.111461,0.063439,0.287076,0.136822,0.320775,-0.023127,0.123308,0.173291,0.128939
2025-03-27,0.296294,0.112732,0.063002,0.304330,0.146733,0.305465,-0.021599,0.118557,0.174798,0.125941
2025-03-28,0.261838,0.064987,0.069126,0.313998,0.150810,0.277737,-0.051108,0.096265,0.155136,0.103267
2025-03-31,0.286333,0.051393,0.071021,0.332871,0.165783,0.290627,-0.059650,0.101918,0.162642,0.110673
2025-04-01,0.292472,0.061947,0.074387,0.330234,0.077281,0.281999,-0.042616,0.105647,0.159008,0.113810
2025-04-02,0.296525,0.083167,0.073509,0.332963,0.092113,0.293363,-0.042741,0.114388,0.165842,0.120858
2025-04-03,0.176654,-0.014092,0.079068,0.324915,0.123465,0.203235,-0.065361,0.058297,0.117704,0.065621
2025-04-04,0.090890,-0.055040,0.079946,0.293922,0.077211,0.113187,-0.098602,-0.003807,0.062925,0.003237
2025-04-07,0.050817,-0.031499,0.066925,0.266121,0.058793,0.135209,-0.103562,-0.007055,0.054435,0.001450
2025-04-08,-0.001532,-0.056919,0.060781,0.273013,0.054435,0.148073,-0.111829,-0.022731,0.041004,-0.014236
2025-04-09,0.151521,0.056034,0.063268,0.320104,0.061254,0.240557,-0.021824,0.076419,0.128543,0.089289
2025-04-10,0.102704,0.001437,0.054783,0.352345,0.045226,0.202282,-0.044720,0.032116,0.098906,0.041557
2025-04-11,0.147467,0.021607,0.053612,0.378157,0.066596,0.250403,-0.026934,0.049396,0.124428,0.060142
2025-04-14,0.172774,0.006410,0.059611,0.370293,0.085084,0.242568,-0.028538,0.059059,0.130423,0.070426
2025-04-15,0.170573,-0.007571,0.062244,0.377463,0.079882,0.234151,-0.033748,0.057215,0.127257,0.067428
2025-04-16,0.124999,-0.036638,0.065170,0.422287,0.081921,0.215517,-0.069119,0.035244,0.108879,0.043701
2025-04-17,0.140692,-0.046143,0.062829,0.416042,0.106946,0.227957,-0.078713,0.037409,0.112933,0.045191
2025-04-21,0.118571,-0.075376,0.056977,0.459848,0.103079,0.212235,-0.100406,0.012751,0.098293,0.020312
2025-04-22,0.156675,-0.042993,0.058879,0.439125,0.108914,0.247174,-0.081117,0.038531,0.119659,0.046858
2025-04-23,0.184819,-0.001989,0.061073,0.404617,0.092254,0.275178,-0.062155,0.056212,0.133634,0.063080
2025-04-24,0.206651,0.030835,0.067072,0.425063,0.089091,0.295083,-0.029815,0.078464,0.154352,0.085457
2025-04-25,0.211920,0.044374,0.070583,0.409612,0.086630,0.289313,-0.018417,0.085079,0.157646,0.093299
2025-04-28,0.216901,0.037246,0.073216,0.429688,0.092043,0.287566,-0.020146,0.086643,0.160260,0.093716
2025-04-29,0.223097,0.035533,0.075996,0.415765,0.095980,0.294977,-0.012931,0.093178,0.164515,0.100606
2025-04-30,0.230567,0.019120,0.075264,0.405172,0.098791,0.294977,-0.009875,0.093820,0.164853,0.101043
2025-05-01,0.235316,0.051061,0.072270,0.375983,0.085787,0.306994,0.065625,0.100635,0.179653,0.108846
2025-05-02,0.189162,0.049845,0.066986,0.378388,0.097456,0.336746,0.090375,0.117795,0.185910,0.125306
2025-05-05,0.151753,0.029786,0.065519,0.419558,0.089583,0.337010,0.092604,0.111461,0.180412,0.118853
2025-05-06,0.149552,0.022381,0.067867,0.459340,0.085857,0.319488,0.085440,0.102440,0.177084,0.109501
2025-05-07,0.136465,0.042827,0.069922,0.437460,0.105751,0.320229,0.085540,0.107010,0.177797,0.114167
2025-05-08,0.143646,0.061450,0.064198,0.409150,0.094222,0.341828,0.097614,0.115710,0.182891,0.121930
2025-05-09,0.149668,0.066866,0.065079,0.419373,0.084100,0.339763,0.099017,0.114468,0.183682,0.120501
2025-05-12,0.222265,0.152962,0.061409,0.379360,0.083537,0.376661,0.125394,0.151754,0.214195,0.157530
2025-05-13,0.234674,0.168048,0.060969,0.385235,0.043469,0.392331,0.125094,0.159572,0.217074,0.165175
2025-05-14,0.231195,0.161859,0.057300,0.356092,0.028847,0.406254,0.134613,0.160334,0.215322,0.166664
2025-05-15,0.226092,0.133786,0.063024,0.377741,0.051693,0.416047,0.137173,0.165065,0.220912,0.172362
2025-05-16,0.224991,0.136107,0.063758,0.361088,0.063784,0.416418,0.140034,0.173044,0.223287,0.179788
2025-05-19,0.210610,0.139257,0.063464,0.378620,0.071939,0.402230,0.151578,0.173966,0.223871,0.181079
2025-05-20,0.199477,0.127708,0.061556,0.404293,0.080163,0.406465,0.149821,0.170117,0.223731,0.177108
2025-05-21,0.171818,0.111406,0.054952,0.414655,0.076789,0.381902,0.135767,0.149749,0.208109,0.157272
2025-05-22,0.167585,0.122347,0.057887,0.402119,0.072782,0.379943,0.141514,0.149549,0.207412,0.157729
2025-05-23,0.132273,0.110687,0.059502,0.432834,0.075102,0.380155,0.129769,0.142813,0.200652,0.149827
2025-05-27,0.160917,0.138484,0.064491,0.408548,0.086516,0.404401,0.156145,0.166308,0.219409,0.173732
2025-05-28,0.162135,0.131300,0.062143,0.405357,0.080703,0.394872,0.147788,0.159452,0.213983,0.166942
2025-05-29,0.159410,0.136715,0.065959,0.413683,0.088856,0.399530,0.151101,0.163181,0.217725,0.171548
2025-05-30,0.164628,0.132902,0.068014,0.404385,0.100413,0.397572,0.155317,0.162218,0.219164,0.170238
2025-06-02,0.169557,0.141965,0.065658,0.441715,0.101760,0.401066,0.159357,0.168152,0.225981,0.176830
2025-06-03,0.178661,0.136771,0.064480,0.428948,0.094812,0.409589,0.161867,0.176211,0.228827,0.183541
2025-06-04,0.176051,0.145170,0.071106,0.438153,0.086304,0.398736,0.164126,0.176091,0.228324,0.183223
2025-06-05,0.163353,0.148928,0.069045,0.430891,0.089423,0.386719,0.173687,0.169596,0.224331,0.177505
2025-06-06,0.182430,0.180206,0.063302,0.411694,0.099136,0.406730,0.180463,0.183227,0.234754,0.189597
2025-06-09,0.168107,0.199049,0.064921,0.418355,0.100554,0.412077,0.186411,0.184189,0.236008,0.190669
2025-06-10,0.175181,0.202531,0.066983,0.418771,0.109204,0.421923,0.181818,0.190444,0.240535,0.197419
2025-06-11,0.152625,0.178161,0.070370,0.426450,0.100767,0.419541,0.186085,0.187277,0.235427,0.194004
2025-06-12,0.155061,0.178382,0.074346,0.444167,0.110693,0.420018,0.201770,0.191085,0.242131,0.198750
2025-06-13,0.139115,0.172082,0.070517,0.463086,0.113812,0.402601,0.191957,0.177013,0.233515,0.185348
2025-06-16,0.150538,0.194187,0.068456,0.442224,0.100484,0.431240,0.202447,0.188640,0.241329,0.196625
2025-06-17,0.134418,0.187113,0.071842,0.442964,0.080348,0.426794,0.199687,0.178737,0.233189,0.186400
2025-06-18,0.139869,0.174403,0.072431,0.435193,0.068650,0.450298,0.205208,0.179178,0.235553,0.186221
2025-06-20,0.165498,0.158764,0.073168,0.434592,0.061986,0.455804,0.198080,0.176451,0.237340,0.183435
2025-06-23,0.168397,0.152023,0.075818,0.438986,0.072833,0.473115,0.219663,0.187758,0.247494,0.195125
2025-06-24,0.161439,0.175785,0.079058,0.416366,0.079001,0.488943,0.229977,0.201630,0.253529,0.208327
2025-06-25,0.168745,0.171474,0.079352,0.420668,0.079639,0.503766,0.235398,0.200227,0.257241,0.209004
2025-06-26,0.165498,0.199823,0.082445,0.419095,0.077725,0.528594,0.248398,0.210571,0.265522,0.218463
2025-06-27,0.165962,0.233974,0.079941,0.393376,0.080561,0.519912,0.244608,0.216063,0.264843,0.224517
2025-06-30,0.189678,0.212367,0.084211,0.410075,0.082972,0.534735,0.248298,0.222228,0.273816,0.230372
2025-07-01,0.205044,0.218280,0.083399,0.422657,0.105446,0.537382,0.234846,0.222228,0.278349,0.229974
2025-07-02,0.231833,0.215296,0.082217,0.430521,0.102894,0.545799,0.232437,0.228582,0.285121,0.235550
2025-07-03,0.238269,0.234582,0.079558,0.420761,0.106084,0.574523,0.251886,0.238716,0.295218,0.245287
2025-07-07,0.217394,0.234914,0.076013,0.421824,0.100838,0.553087,0.249075,0.228944,0.285646,0.236007
2025-07-08,0.217742,0.212202,0.075422,0.406976,0.104525,0.504202,0.246315,0.228864,0.277497,0.235331
2025-07-09,0.224295,0.229774,0.079706,0.413267,0.107999,0.506223,0.263606,0.236585,0.285505,0.242738
2025-07-10,0.231659,0.228227,0.079854,0.416412,0.117995,0.532979,0.258512,0.239882,0.291283,0.246243
2025-07-11,0.224411,0.243479,0.075422,0.430012,0.112394,0.525905,0.263129,0.234654,0.289523,0.241862
2025-07-14,0.209683,0.247182,0.075274,0.424785,0.111827,0.535692,0.262376,0.237469,0.288538,0.244232
2025-07-15,0.212524,0.250829,0.072025,0.418864,0.100129,0.524256,0.269403,0.230955,0.285156,0.238915
2025-07-16,0.218612,0.233366,0.074093,0.425941,0.168262,0.520373,0.268901,0.235620,0.294054,0.243057
2025-07-17,0.217801,0.237179,0.074388,0.422842,0.155501,0.542076,0.284160,0.243662,0.299509,0.250664
2025-07-18,0.224527,0.249613,0.076161,0.426543,0.160605,0.549363,0.280019,0.242979,0.302314,0.249748
2025-07-21,0.232065,0.267131,0.079263,0.448469,0.165285,0.547767,0.280044,0.244386,0.307254,0.252118
2025-07-22,0.243198,0.257018,0.081035,0.462207,0.190595,0.550214,0.268023,0.245834,0.311429,0.252297
2025-07-23,0.241748,0.261549,0.078820,0.444074,0.198890,0.578566,0.269529,0.256330,0.316736,0.262951
2025-07-24,0.239487,0.283322,0.077490,0.435239,0.202152,0.577449,0.282102,0.255888,0.318463,0.263369
2025-07-25,0.240183,0.278957,0.080149,0.421963,0.193218,0.588460,0.289204,0.261477,0.320378,0.268706
2025-07-28,0.241168,0.286417,0.078377,0.412758,0.178472,0.586652,0.286167,0.261115,0.317630,0.268387
2025-07-29,0.225049,0.276580,0.083990,0.416644,0.191871,0.580056,0.286343,0.257134,0.315076,0.265042
2025-07-30,0.212176,0.272049,0.081183,0.392173,0.185845,0.593833,0.288024,0.255686,0.311173,0.263449
2025-07-31,0.203594,0.293711,0.081331,0.401425,0.167979,0.575800,0.338869,0.250217,0.313917,0.258709
2025-08-01,0.173500,0.186726,0.090698,0.429873,0.186341,0.539256,0.315304,0.229507,0.296450,0.238079
2025-08-04,0.179125,0.169595,0.091439,0.438200,0.212644,0.565268,0.344239,0.248770,0.312182,0.256897
2025-08-05,0.176631,0.181200,0.091884,0.439356,0.210518,0.549895,0.324438,0.243260,0.306205,0.250525
2025-08-06,0.236530,0.228503,0.090994,0.436303,0.209454,0.549789,0.317387,0.251665,0.319433,0.260103
2025-08-07,0.275843,0.233035,0.090550,0.448423,0.216119,0.526330,0.307097,0.250941,0.323281,0.259048
2025-08-08,0.329886,0.230603,0.088178,0.448099,0.228880,0.536011,0.310109,0.258823,0.336464,0.268865
2025-08-11,0.318798,0.222922,0.088919,0.427283,0.232354,0.540267,0.309431,0.255928,0.332628,0.266356
2025-08-12,0.333136,0.223862,0.089068,0.425988,0.224981,0.557768,0.328178,0.271290,0.342959,0.279838
2025-08-13,0.354499,0.240937,0.093069,0.430336,0.236608,0.545427,0.306445,0.277442,0.345906,0.284219
2025-08-14,0.351306,0.276415,0.089957,0.421269,0.238735,0.564736,0.311213,0.275552,0.348830,0.284338
2025-08-15,0.344398,0.276691,0.088475,0.422102,0.252348,0.545214,0.305416,0.272657,0.345042,0.281331
2025-08-18,0.340334,0.279233,0.087289,0.419882,0.249583,0.550746,0.297711,0.273139,0.343578,0.281052
2025-08-19,0.338419,0.260002,0.089364,0.412110,0.260572,0.546118,0.279316,0.265418,0.337638,0.274103
2025-08-20,0.312006,0.236793,0.090105,0.426404,0.267945,0.554523,0.269152,0.262081,0.333179,0.270717
2025-08-21,0.305562,0.226514,0.087437,0.421454,0.268583,0.550427,0.267518,0.257737,0.329161,0.265619
2025-08-22,0.322165,0.264589,0.092921,0.436673,0.271136,0.575800,0.275034,0.279533,0.345573,0.285055
2025-08-25,0.318682,0.259615,0.091439,0.433204,0.264897,0.568672,0.267569,0.273381,0.340144,0.279400
2025-08-26,0.331162,0.263870,0.092773,0.443612,0.260469,0.588194,0.261988,0.279171,0.345922,0.284756
2025-08-27,0.338013,0.266136,0.093811,0.446526,0.262611,0.591971,0.273803,0.282590,0.350849,0.287684
2025-08-28,0.350029,0.279841,0.095144,0.457258,0.253041,0.601493,0.281092,0.287255,0.357012,0.292244
2025-08-29,0.347591,0.265473,0.093811,0.471320,0.265325,0.603354,0.273677,0.279614,0.355422,0.284537
2025-09-02,0.333543,0.245248,0.091476,0.506106,0.271681,0.594205,0.269730,0.270727,0.351759,0.275019
2025-09-03,0.384337,0.248840,0.095045,0.517902,0.271253,0.593194,0.270309,0.276115,0.362584,0.281929
2025-09-04,0.391942,0.302387,0.099208,0.511194,0.276681,0.616121,0.276895,0.287415,0.373452,0.292642
2025-09-05,0.391419,0.283875,0.104413,0.531363,0.274324,0.565906,0.244292,0.285043,0.362753,0.288898
2025-09-08,0.380912,0.303271,0.107982,0.548802,0.272181,0.558087,0.252335,0.289145,0.365109,0.292065
2025-09-09,0.360420,0.316534,0.105900,0.545286,0.263825,0.584364,0.252863,0.290793,0.365045,0.295052
2025-09-10,0.316534,0.272823,0.107833,0.550837,0.255469,0.598673,0.257790,0.294091,0.359455,0.298796
2025-09-11,0.335342,0.270723,0.110212,0.548524,0.274824,0.625376,0.259399,0.306075,0.370823,0.309589
2025-09-12,0.358795,0.260776,0.108874,0.551578,0.271681,0.632558,0.281746,0.304185,0.377840,0.309151
2025-09-15,0.374062,0.278901,0.110956,0.567721,0.266968,0.643143,0.295471,0.310539,0.387300,0.316121
2025-09-16,0.382479,0.293380,0.111104,0.570867,0.260254,0.644686,0.279584,0.308769,0.386161,0.314308
2025-09-17,0.387356,0.279951,0.109171,0.558747,0.265539,0.658303,0.282048,0.307603,0.387300,0.312675
2025-09-18,0.380912,0.277796,0.106346,0.552503,0.243828,0.666176,0.278101,0.315847,0.385611,0.318809
2025-09-19,0.425147,0.279178,0.106792,0.568970,0.258326,0.674421,0.301931,0.320793,0.401493,0.325341
2025-09-22,0.486564,0.257902,0.104710,0.596124,0.244185,0.661973,0.293183,0.326503,0.409058,0.331611
2025-09-23,0.476986,0.219662,0.106941,0.602646,0.261111,0.663569,0.280062,0.319386,0.404562,0.324362
2025-09-24,0.464679,0.216899,0.104710,0.588121,0.261897,0.667187,0.282374,0.314560,0.400800,0.320149
2025-09-25,0.491150,0.205515,0.103521,0.594736,0.269325,0.667346,0.274532,0.307522,0.402272,0.314058
2025-09-26,0.482965,0.214522,0.103521,0.603941,0.283466,0.681229,0.285667,0.315726,0.409326,0.321587
2025-09-29,0.476986,0.227730,0.106346,0.630401,0.297106,0.679261,0.293560,0.319061,0.414931,0.325301
2025-09-30,0.478147,0.213362,0.105900,0.644324,0.324246,0.677878,0.301981,0.323376,0.420477,0.330293
2025-10-01,0.482907,0.219220,0.108689,0.646915,0.328745,0.652771,0.306406,0.327973,0.421317,0.334826
2025-10-02,0.492660,0.229056,0.109883,0.641179,0.328245,0.635962,0.296426,0.329909,0.419721,0.336364
2025-10-03,0.497826,0.213030,0.108540,0.654362,0.347242,0.649154,0.300473,0.330635,0.424924,0.336344
2025-10-06,0.490106,0.220712,0.106004,0.685540,0.343814,0.652628,0.328677,0.335635,0.432429,0.341136
2025-10-07,0.488886,0.225575,0.108093,0.694236,0.349028,0.644664,0.317139,0.329223,0.429485,0.336164
2025-10-08,0.498058,0.244584,0.108093,0.722176,0.354741,0.625100,0.319326,0.338055,0.434866,0.344132
2025-10-09,0.474722,0.258510,0.107347,0.690397,0.364669,0.633118,0.313167,0.333417,0.429280,0.340238
2025-10-10,0.423812,0.195679,0.111673,0.707466,0.362098,0.608316,0.284410,0.297688,0.403207,0.304014
2025-10-13,0.437686,0.216125,0.113463,0.748959,0.363383,0.646160,0.292178,0.318376,0.421299,0.324023
2025-10-14,0.438324,0.195789,0.115104,0.761449,0.363026,0.614677,0.290971,0.317972,0.417294,0.322405
2025-10-15,0.447438,0.191258,0.114358,0.791979,0.365311,0.633973,0.290619,0.324223,0.424911,0.328276
2025-10-16,0.436467,0.185179,0.118535,0.833889,0.372096,0.595755,0.286044,0.313698,0.419019,0.319230
2025-10-17,0.464563,0.177277,0.117044,0.799380,0.379952,0.590517,0.290997,0.319868,0.422637,0.326719
2025-10-20,0.522324,0.196286,0.118535,0.864881,0.383523,0.616174,0.299065,0.334587,0.446194,0.340517
2025-10-21,0.525400,0.226956,0.119878,0.745027,0.370382,0.588005,0.301252,0.334425,0.434971,0.340497
2025-10-22,0.500323,0.204410,0.119878,0.745212,0.377953,0.572076,0.308492,0.326320,0.427921,0.333528
2025-10-23,0.506882,0.221762,0.117640,0.752197,0.374596,0.574375,0.308542,0.334829,0.432301,0.341436
2025-10-24,0.525691,0.239003,0.119132,0.746323,0.359812,0.605911,0.316209,0.345717,0.442380,0.352399
2025-10-27,0.560463,0.254255,0.119729,0.697706,0.359098,0.625742,0.336093,0.360718,0.453977,0.368354
2025-10-28,0.561566,0.266855,0.120325,0.685540,0.335030,0.632210,0.362612,0.362815,0.457108,0.371988
2025-10-29,0.565630,0.272657,0.114806,0.679156,0.332673,0.633011,0.361305,0.361847,0.456268,0.372647
2025-10-30,0.575498,0.231543,0.112866,0.712138,0.350171,0.654018,0.321614,0.347209,0.452536,0.357551
2025-10-31,0.569519,0.349580,0.112568,0.702840,0.348885,0.662998,0.301629,0.352612,0.456254,0.362004
2025-11-03,0.561856,0.403625,0.111281,0.705893,0.330245,0.653537,0.299669,0.354145,0.454924,0.364560
2025-11-04,0.567603,0.377763,0.111880,0.676011,0.334530,0.653002,0.292882,0.337772,0.447187,0.348385
2025-11-05,0.568184,0.382626,0.108737,0.695393,0.328388,0.665991,0.274858,0.343499,0.448297,0.353058
2025-11-06,0.566036,0.343059,0.113077,0.693357,0.335315,0.675292,0.249570,0.328215,0.440112,0.338540
2025-11-07,0.558489,0.350630,0.112478,0.703719,0.332459,0.679514,0.248866,0.331118,0.441057,0.339858
2025-11-10,0.565578,0.372679,0.112179,0.750301,0.345600,0.693840,0.271942,0.350596,0.458901,0.360766
2025-11-11,0.599397,0.376547,0.115322,0.757193,0.384309,0.687051,0.278679,0.353903,0.469835,0.363881
2025-11-12,0.589054,0.349469,0.114873,0.785503,0.388308,0.712655,0.284863,0.354386,0.474041,0.364640
2025-11-13,0.586032,0.312887,0.111580,0.771070,0.394450,0.654232,0.265130,0.330393,0.454157,0.341995
2025-11-14,0.582894,0.296916,0.109934,0.739106,0.399307,0.622855,0.282450,0.330191,0.449628,0.341775
2025-11-17,0.554131,0.286859,0.110533,0.719169,0.425374,0.605537,0.275688,0.316359,0.439036,0.329275
2025-11-18,0.554015,0.229830,0.111431,0.731659,0.428374,0.600406,0.241250,0.307447,0.428856,0.318112
2025-11-19,0.560523,0.230603,0.110982,0.734481,0.446300,0.621038,0.224483,0.311722,0.432532,0.323204
2025-11-20,0.547100,0.199934,0.112628,0.733972,0.450300,0.594900,0.204890,0.290833,0.417403,0.303036
2025-11-21,0.577548,0.219551,0.115322,0.731289,0.456227,0.592976,0.188999,0.305753,0.424294,0.316015
2025-11-24,0.603290,0.250442,0.117268,0.758720,0.471582,0.592869,0.193733,0.325271,0.439175,0.335385
2025-11-25,0.609391,0.269175,0.119812,0.758164,0.485382,0.619595,0.201263,0.339466,0.450913,0.347946
2025-11-26,0.612761,0.266357,0.121009,0.772227,0.491778,0.644397,0.222695,0.348660,0.462414,0.357251
2025-11-28,0.620315,0.288793,0.119213,0.794246,0.487179,0.673474,0.239090,0.356201,0.474292,0.364660
2025-12-01,0.645011,0.292440,0.114844,0.802896,0.475823,0.651239,0.225818,0.349548,0.470280,0.358429
2025-12-02,0.662966,0.295424,0.115895,0.791285,0.476398,0.645679,0.234028,0.351160,0.473334,0.360946
2025-12-03,0.651112,0.284151,0.117547,0.789620,0.475751,0.668397,0.203127,0.357209,0.470186,0.365658
2025-12-04,0.631065,0.266081,0.115445,0.790776,0.455267,0.689617,0.210959,0.359347,0.469131,0.366657
2025-12-05,0.619908,0.268402,0.114093,0.787584,0.451314,0.683951,0.216802,0.361242,0.467767,0.369253
2025-12-08,0.614737,0.253813,0.112442,0.782866,0.449086,0.684860,0.236597,0.357250,0.468119,0.365139
2025-12-09,0.610611,0.259505,0.111691,0.792025,0.437156,0.606285,0.239115,0.355879,0.457725,0.363961
2025-12-10,0.619908,0.280835,0.114994,0.799658,0.484447,0.657599,0.205217,0.365960,0.468816,0.373007
2025-12-11,0.615550,0.272546,0.114994,0.819040,0.509387,0.696459,0.217583,0.370557,0.479852,0.376202
2025-12-12,0.617003,0.249945,0.111541,0.829216,0.520671,0.702552,0.205142,0.354911,0.474780,0.361405
2025-12-15,0.592772,0.229774,0.112892,0.830882,0.539286,0.710570,0.195799,0.352249,0.470841,0.359348
2025-12-16,0.595678,0.229885,0.114994,0.831298,0.504284,0.686677,0.199752,0.348338,0.465255,0.355634
2025-12-17,0.579582,0.222756,0.114694,0.847026,0.511687,0.683630,0.199072,0.333619,0.460087,0.340717
2025-12-18,0.581616,0.253095,0.117059,0.843695,0.497169,0.673047,0.218867,0.343862,0.465653,0.350841
2025-12-19,0.590216,0.256355,0.115402,0.845777,0.483226,0.695550,0.223753,0.355838,0.472593,0.363084
2025-12-22,0.574527,0.262323,0.115101,0.888380,0.490054,0.726980,0.221235,0.365265,0.480413,0.371576
2025-12-23,0.582604,0.282825,0.114950,0.913406,0.478985,0.742160,0.226095,0.369794,0.487425,0.377845
2025-12-24,0.591029,0.284151,0.117662,0.905495,0.493360,0.759479,0.229042,0.374485,0.493597,0.382692
2025-12-26,0.588647,0.284925,0.117662,0.927745,0.492282,0.752744,0.228261,0.373636,0.493699,0.382551
2025-12-29,0.590739,0.282438,0.119319,0.843834,0.491778,0.730508,0.226725,0.368460,0.483431,0.377625
2025-12-30,0.586787,0.284980,0.118867,0.845175,0.487107,0.728744,0.227682,0.366276,0.482010,0.375942
2025-12-31,0.579698,0.275530,0.115854,0.833241,0.487394,0.722329,0.217961,0.355842,0.474042,0.365748
2026-01-02,0.574759,0.251658,0.115402,0.842354,0.490269,0.739755,0.191064,0.360048,0.471451,0.368251
2026-01-05,0.552969,0.287909,0.117511,0.890832,0.468420,0.785510,0.190837,0.370280,0.480323,0.377364
2026-01-06,0.524497,0.331399,0.117511,0.911278,0.471870,0.796624,0.205092,0.379864,0.486615,0.385556
2026-01-07,0.512701,0.334881,0.118716,0.893006,0.491275,0.755710,0.217583,0.375173,0.481797,0.381090
2026-01-08,0.505205,0.361019,0.116758,0.903460,0.478770,0.770744,0.204084,0.375537,0.480876,0.380949
2026-01-09,0.507123,0.367042,0.119168,0.917245,0.468995,0.767523,0.207031,0.384676,0.484384,0.390082
2026-01-12,0.512236,0.362014,0.118114,0.953141,0.507303,0.742287,0.201742,0.387224,0.487687,0.392265
2026-01-13,0.516885,0.340628,0.119018,0.950366,0.535549,0.669318,0.185347,0.384434,0.477225,0.389481
2026-01-14,0.510551,0.307747,0.121277,0.970303,0.570766,0.653049,0.156914,0.379015,0.470803,0.382652
2026-01-15,0.500382,0.316202,0.119620,0.958229,0.578097,0.660512,0.150064,0.383261,0.470022,0.386417
2026-01-16,0.484810,0.321397,0.117812,0.948793,0.571557,0.677748,0.158123,0.382452,0.469964,0.385255
2026-01-20,0.433501,0.276525,0.113745,1.022528,0.568322,0.625504,0.144674,0.355195,0.448543,0.357056
2026-01-21,0.439021,0.278238,0.116909,1.051994,0.566885,0.621746,0.118458,0.371250,0.450518,0.372718
2026-01-22,0.443089,0.294982,0.117361,1.089879,0.570335,0.630283,0.136162,0.378489,0.461218,0.379888
2026-01-23,0.441287,0.321618,0.118566,1.118605,0.582194,0.598550,0.173460,0.377235,0.468033,0.380388
2026-01-26,0.484112,0.317529,0.119922,1.149598,0.591896,0.616377,0.184365,0.383180,0.483464,0.387398
2026-01-27,0.500731,0.352122,0.119018,1.202331,0.613099,0.612457,0.210305,0.388195,0.498523,0.392926
2026-01-28,0.490097,0.342893,0.118566,1.287723,0.636673,0.614927,0.212949,0.387426,0.504574,0.392786
2026-01-29,0.500789,0.335820,0.118716,1.293922,0.633582,0.645264,0.091737,0.384231,0.487123,0.390022
2026-01-30,0.507762,0.322392,0.118264,1.058239,0.633295,0.642418,0.083653,0.377276,0.468956,0.385876
2026-02-02,0.568949,0.342617,0.117131,0.975807,0.658450,0.654499,0.066226,0.385000,0.475477,0.392766
2026-02-03,0.565869,0.318634,0.117433,1.101443,0.675340,0.690527,0.035601,0.374364,0.479911,0.380989
2026-02-04,0.606602,0.287522,0.116980,1.099963,0.685186,0.703520,0.043106,0.367894,0.486467,0.374300
2026-02-05,0.603232,0.230603,0.121816,1.044037,0.709048,0.665345,-0.008572,0.350302,0.461549,0.357136
2026-02-06,0.616073,0.162246,0.121968,1.106855,0.724860,0.731065,0.010241,0.378853,0.485021,0.383172
2026-02-09,0.597229,0.153404,0.122270,1.160376,0.715157,0.729454,0.041621,0.385647,0.493092,0.389842
2026-02-10,0.591762,0.143678,0.125595,1.138958,0.713073,0.708943,0.040789,0.382250,0.486951,0.386176
2026-02-11,0.602347,0.127763,0.123328,1.163151,0.731113,0.668888,0.018375,0.380915,0.480342,0.385856
2026-02-12,0.522259,0.103006,0.128467,1.088029,0.757634,0.624967,0.012004,0.358835,0.452558,0.364446
2026-02-13,0.487653,0.098530,0.131792,1.139976,0.749728,0.624484,0.010694,0.361423,0.450766,0.365408
2026-02-17,0.534764,0.111572,0.131641,1.073272,0.748865,0.649076,-0.000538,0.363122,0.455383,0.367611
2026-02-18,0.537497,0.131686,0.130432,1.119900,0.760796,0.657935,0.006363,0.370239,0.465295,0.374500
2026-02-19,0.515570,0.132073,0.130885,1.125821,0.774595,0.654015,0.005782,0.367651,0.462295,0.370875
2026-02-20,0.538835,0.161085,0.130734,1.167731,0.742828,0.668727,0.002677,0.376062,0.471156,0.380789
2026-02-23,0.548141,0.134339,0.133152,1.226293,0.766905,0.598282,-0.029531,0.360655,0.457228,0.366689
2026-02-24,0.582805,0.152520,0.132548,1.195439,0.779477,0.596295,-0.018097,0.371776,0.467370,0.376623
2026-02-25,0.594961,0.164014,0.132246,1.189934,0.771457,0.628511,0.011184,0.382371,0.482140,0.388240
2026-02-26,0.587516,0.148983,0.133908,1.208715,0.759174,0.643706,0.014011,0.376952,0.481872,0.380529
2026-02-27,0.536509,0.160477,0.136175,1.237719,0.795012,0.612403,-0.008656,0.369996,0.469364,0.373899
2026-03-02,0.539649,0.151580,0.131597,1.266630,0.795951,0.597691,0.006009,0.371412,0.472380,0.374681
2026-03-03,0.534008,0.153459,0.130384,1.165510,0.782873,0.612188,0.019589,0.357703,0.465505,0.362564
2026-03-04,0.526854,0.198165,0.129626,1.182441,0.772396,0.607517,0.022795,0.367651,0.469867,0.372177
2026-03-05,0.513884,0.209881,0.127048,1.156213,0.731428,0.576160,0.036627,0.358795,0.460060,0.364526
2026-03-06,0.497424,0.178216,0.125532,1.190351,0.736992,0.554307,0.032286,0.340232,0.449825,0.346641
2026-03-09,0.511499,0.179763,0.128716,1.185817,0.752815,0.556670,0.033422,0.351839,0.456838,0.358438
2026-03-10,0.517024,0.184405,0.125229,1.210473,0.760908,0.550280,0.024209,0.348725,0.456166,0.356255
2026-03-11,0.516908,0.175121,0.120226,1.202979,0.755706,0.543783,0.021987,0.347633,0.452613,0.354552
2026-03-12,0.487537,0.157880,0.116133,1.159682,0.748841,0.518924,0.014364,0.326119,0.433115,0.333984
2026-03-13,0.454734,0.147602,0.115072,1.131742,0.745084,0.521877,-0.001563,0.318880,0.420693,0.326433
2026-03-16,0.470437,0.170093,0.119317,1.129846,0.757151,0.536481,0.009543,0.332346,0.433277,0.339932
2026-03-17,0.478638,0.189213,0.121591,1.124480,0.720446,0.540401,0.008180,0.336835,0.434123,0.343457
2026-03-18,0.453687,0.159759,0.117042,1.057267,0.714448,0.544965,-0.011054,0.318435,0.415328,0.324711
2026-03-19,0.447987,0.153625,0.118255,0.972477,0.716761,0.546200,-0.018046,0.316090,0.406907,0.321446
2026-03-20,0.442345,0.134892,0.109310,0.912203,0.700648,0.538629,-0.036094,0.295465,0.388676,0.302502
2026-03-23,0.462702,0.161251,0.113555,0.868998,0.701009,0.556616,-0.033242,0.311034,0.397515,0.316178
2026-03-24,0.463574,0.145225,0.110675,0.869414,0.699925,0.569986,-0.059140,0.306950,0.391587,0.311760
2026-03-25,0.469274,0.169927,0.114920,0.925664,0.733596,0.586201,-0.063431,0.314917,0.403898,0.319070
2026-03-26,0.470844,0.146883,0.108401,0.853271,0.728610,0.566012,-0.076228,0.292270,0.385588,0.295513
2026-03-27,0.447056,0.101569,0.108401,0.918309,0.737353,0.518655,-0.099451,0.270112,0.368223,0.273423
2026-03-30,0.434435,0.110466,0.114010,0.917754,0.752093,0.523649,-0.093923,0.264393,0.368866,0.269165
2026-03-31,0.476079,0.150917,0.116436,0.990425,0.766183,0.579436,-0.065627,0.301430,0.406519,0.306057
2026-04-01,0.486781,0.163627,0.116892,1.025257,0.763870,0.585986,-0.067646,0.311288,0.413980,0.315897
2026-04-02,0.488467,0.159206,0.119326,0.986354,0.756067,0.581798,-0.057322,0.313398,0.413380,0.317082
2026-04-06,0.505567,0.175895,0.117653,0.978213,0.741110,0.594481,-0.058786,0.319280,0.417772,0.323308
2026-04-07,0.474392,0.181311,0.119326,0.997456,0.722613,0.605004,-0.060276,0.320172,0.414895,0.323890
2026-04-08,0.505799,0.222646,0.121456,1.010038,0.743495,0.662048,-0.055126,0.353721,0.441330,0.357609
2026-04-09,0.515047,0.291169,0.121913,1.025673,0.743567,0.674785,-0.058307,0.360820,0.450100,0.365441
2026-04-10,0.514989,0.317308,0.120239,1.022065,0.722975,0.672302,-0.063860,0.359198,0.447431,0.364538
2026-04-13,0.507544,0.325652,0.122673,1.013877,0.719362,0.692864,-0.029784,0.373883,0.460197,0.377872
2026-04-14,0.505392,0.376105,0.125411,1.058886,0.734824,0.679048,-0.007722,0.390029,0.474295,0.394662
2026-04-15,0.549595,0.373232,0.123890,1.037469,0.724492,0.651039,0.037990,0.400535,0.487568,0.405667
2026-04-16,0.531972,0.379863,0.122217,1.035711,0.694651,0.672734,0.060809,0.403740,0.491026,0.409121
2026-04-17,0.571696,0.384615,0.126628,1.062772,0.692050,0.674569,0.067195,0.421995,0.505633,0.426151
2026-04-20,0.588098,0.372016,0.125868,1.045009,0.666833,0.710727,0.055281,0.420697,0.505897,0.423299
2026-04-21,0.548083,0.381023,0.122369,0.987094,0.634102,0.689194,0.070653,0.411083,0.491362,0.413981
2026-04-22,0.588796,0.411141,0.123586,1.013415,0.633668,0.689302,0.092765,0.424795,0.508896,0.428300
2026-04-23,0.590308,0.409593,0.121608,0.993894,0.666544,0.682125,0.049425,0.419034,0.498999,0.422757
2026-04-24,0.576524,0.458831,0.123586,1.004117,0.643784,0.663721,0.071814,0.428162,0.503107,0.433783
2026-04-27,0.556458,0.442971,0.121760,0.988574,0.628177,0.681801,0.072319,0.430109,0.499716,0.436253
2026-04-28,0.574488,0.435124,0.121456,0.951661,0.645879,0.680829,0.083501,0.422401,0.501040,0.429264
